,precision,recall,f1-score,support
0,0.6615384615384615,0.356353591160221,0.4631956912028725,362.0
1,0.5595463137996219,0.8176795580110497,0.6644219977553311,362.0
accuracy,0.5870165745856354,0.5870165745856354,0.5870165745856354,0.5870165745856354
macro avg,0.6105423876690417,0.5870165745856354,0.5638088444791018,724.0
weighted avg,0.6105423876690417,0.5870165745856354,0.5638088444791018,724.0
