,precision,recall,f1-score,support
0,0.6528497409326425,0.6961325966850829,0.6737967914438503,362.0
1,0.6745562130177515,0.6298342541436464,0.6514285714285715,362.0
accuracy,0.6629834254143646,0.6629834254143646,0.6629834254143646,0.6629834254143646
macro avg,0.663702976975197,0.6629834254143646,0.6626126814362109,724.0
weighted avg,0.663702976975197,0.6629834254143646,0.6626126814362109,724.0
