,precision,recall,f1-score,support
0,0.6864864864864865,0.35082872928176795,0.4643510054844607,362.0
1,0.5640074211502782,0.8397790055248618,0.6748057713651499,362.0
accuracy,0.5953038674033149,0.5953038674033149,0.5953038674033149,0.5953038674033149
macro avg,0.6252469538183824,0.5953038674033149,0.5695783884248052,724.0
weighted avg,0.6252469538183824,0.5953038674033149,0.5695783884248052,724.0
