,precision,recall,f1-score,support
0,0.7305389221556886,0.3370165745856354,0.4612476370510397,362.0
1,0.5691202872531418,0.8756906077348067,0.6898803046789989,362.0
accuracy,0.606353591160221,0.606353591160221,0.606353591160221,0.606353591160221
macro avg,0.6498296047044152,0.606353591160221,0.5755639708650193,724.0
weighted avg,0.6498296047044152,0.606353591160221,0.5755639708650192,724.0
