,precision,recall,f1-score,support
0,0.6741854636591479,0.7430939226519337,0.7069645203679371,362.0
1,0.7138461538461538,0.6408839779005525,0.6754002911208151,362.0
accuracy,0.6919889502762431,0.6919889502762431,0.6919889502762431,0.6919889502762431
macro avg,0.6940158087526509,0.6919889502762431,0.6911824057443761,724.0
weighted avg,0.6940158087526508,0.6919889502762431,0.6911824057443762,724.0
