,precision,recall,f1-score,support
0,0.676923076923077,0.7292817679558011,0.702127659574468,362.0
1,0.7065868263473054,0.6519337016574586,0.67816091954023,362.0
accuracy,0.6906077348066298,0.6906077348066298,0.6906077348066298,0.6906077348066298
macro avg,0.6917549516351912,0.6906077348066298,0.690144289557349,724.0
weighted avg,0.6917549516351912,0.6906077348066298,0.690144289557349,724.0
