,precision,recall,f1-score,support
0,0.8333333333333334,0.24861878453038674,0.3829787234042553,362.0
1,0.5584415584415584,0.9502762430939227,0.703476482617587,362.0
accuracy,0.5994475138121547,0.5994475138121547,0.5994475138121547,0.5994475138121547
macro avg,0.6958874458874459,0.5994475138121547,0.5432276030109211,724.0
weighted avg,0.6958874458874459,0.5994475138121547,0.5432276030109211,724.0
