,precision,recall,f1-score,support
0,0.8350515463917526,0.22375690607734808,0.35294117647058826,362.0
1,0.5518341307814992,0.9558011049723757,0.6996966632962589,362.0
accuracy,0.5897790055248618,0.5897790055248618,0.5897790055248618,0.5897790055248618
macro avg,0.6934428385866259,0.5897790055248618,0.5263189198834236,724.0
weighted avg,0.6934428385866258,0.5897790055248618,0.5263189198834236,724.0
