,precision,recall,f1-score,support
0,0.9565217391304348,0.12154696132596685,0.21568627450980393,362.0
1,0.5309734513274337,0.994475138121547,0.6923076923076923,362.0
accuracy,0.5580110497237569,0.5580110497237569,0.5580110497237569,0.5580110497237569
macro avg,0.7437475952289343,0.5580110497237569,0.4539969834087481,724.0
weighted avg,0.7437475952289343,0.5580110497237569,0.4539969834087481,724.0
