,precision,recall,f1-score,support
0,0.9433962264150944,0.13812154696132597,0.24096385542168677,362.0
1,0.5350223546944859,0.9917127071823204,0.6950629235237173,362.0
accuracy,0.5649171270718232,0.5649171270718232,0.5649171270718232,0.5649171270718232
macro avg,0.7392092905547901,0.5649171270718232,0.46801338947270205,724.0
weighted avg,0.73920929055479,0.5649171270718232,0.46801338947270205,724.0
