,precision,recall,f1-score,support
0,0.6318289786223278,0.7348066298342542,0.6794380587484035,362.0
1,0.6831683168316832,0.5718232044198895,0.6225563909774436,362.0
accuracy,0.6533149171270718,0.6533149171270718,0.6533149171270718,0.6533149171270718
macro avg,0.6574986477270055,0.6533149171270718,0.6509972248629236,724.0
weighted avg,0.6574986477270055,0.6533149171270718,0.6509972248629236,724.0
