,precision,recall,f1-score,support
0,0.9148936170212766,0.11878453038674033,0.21026894865525672,362.0
1,0.5288035450516987,0.988950276243094,0.6891241578440809,362.0
accuracy,0.5538674033149171,0.5538674033149171,0.5538674033149171,0.5538674033149171
macro avg,0.7218485810364876,0.5538674033149171,0.4496965532496688,724.0
weighted avg,0.7218485810364877,0.5538674033149171,0.4496965532496688,724.0
