,precision,recall,f1-score,support
0,0.9272727272727272,0.1408839779005525,0.24460431654676262,362.0
1,0.5351270553064275,0.988950276243094,0.6944713870029099,362.0
accuracy,0.5649171270718232,0.5649171270718232,0.5649171270718232,0.5649171270718232
macro avg,0.7311998912895774,0.5649171270718232,0.46953785177483626,724.0
weighted avg,0.7311998912895774,0.5649171270718232,0.46953785177483626,724.0
