,precision,recall,f1-score,support
0,0.5006915629322268,1.0,0.6672811059907834,362.0
1,1.0,0.0027624309392265192,0.005509641873278237,362.0
accuracy,0.5013812154696132,0.5013812154696132,0.5013812154696132,0.5013812154696132
macro avg,0.7503457814661134,0.5013812154696132,0.3363953739320308,724.0
weighted avg,0.7503457814661134,0.5013812154696132,0.3363953739320308,724.0
