,precision,recall,f1-score,support
0.0,0.6733668341708543,0.7403314917127072,0.7052631578947368,362.0
1.0,0.7116564417177914,0.6408839779005525,0.6744186046511628,362.0
accuracy,0.6906077348066298,0.6906077348066298,0.6906077348066298,0.6906077348066298
macro avg,0.6925116379443228,0.6906077348066298,0.6898408812729497,724.0
weighted avg,0.6925116379443228,0.6906077348066298,0.6898408812729497,724.0
