,precision,recall,f1-score,support
0,0.927536231884058,0.17679558011049723,0.296983758700696,362.0
1,0.5450381679389313,0.9861878453038674,0.7020648967551623,362.0
accuracy,0.5814917127071824,0.5814917127071824,0.5814917127071824,0.5814917127071824
macro avg,0.7362871999114946,0.5814917127071824,0.4995243277279291,724.0
weighted avg,0.7362871999114946,0.5814917127071824,0.49952432772792904,724.0
