,precision,recall,f1-score,support
0,0.6771653543307087,0.712707182320442,0.6944818304172274,362.0
1,0.6967930029154519,0.6602209944751382,0.6780141843971632,362.0
accuracy,0.68646408839779,0.68646408839779,0.68646408839779,0.68646408839779
macro avg,0.6869791786230803,0.68646408839779,0.6862480074071953,724.0
weighted avg,0.6869791786230802,0.68646408839779,0.6862480074071953,724.0
