,precision,recall,f1-score,support
0,0.8333333333333334,0.055248618784530384,0.10362694300518134,362.0
1,0.5114285714285715,0.988950276243094,0.6741996233521658,362.0
accuracy,0.5220994475138122,0.5220994475138122,0.5220994475138122,0.5220994475138122
macro avg,0.6723809523809524,0.5220994475138122,0.3889132831786736,724.0
weighted avg,0.6723809523809524,0.5220994475138122,0.3889132831786736,724.0
