,precision,recall,f1-score,support
0.0,0.6690821256038647,0.7651933701657458,0.7139175257731958,362.0
1.0,0.7258064516129032,0.6215469613259669,0.6696428571428571,362.0
accuracy,0.6933701657458563,0.6933701657458563,0.6933701657458563,0.6933701657458563
macro avg,0.697444288608384,0.6933701657458564,0.6917801914580264,724.0
weighted avg,0.697444288608384,0.6933701657458563,0.6917801914580265,724.0
