,precision,recall,f1-score,support
0,0.8260869565217391,0.052486187845303865,0.0987012987012987,362.0
1,0.5106990014265336,0.988950276243094,0.6735653809971779,362.0
accuracy,0.5207182320441989,0.5207182320441989,0.5207182320441989,0.5207182320441989
macro avg,0.6683929789741363,0.5207182320441989,0.3861333398492383,724.0
weighted avg,0.6683929789741364,0.5207182320441989,0.38613333984923826,724.0
