,precision,recall,f1-score,support
0.0,0.67,0.7403314917127072,0.7034120734908137,362.0
1.0,0.7098765432098766,0.6353591160220995,0.6705539358600584,362.0
accuracy,0.6878453038674033,0.6878453038674033,0.6878453038674033,0.6878453038674033
macro avg,0.6899382716049383,0.6878453038674033,0.686983004675436,724.0
weighted avg,0.6899382716049384,0.6878453038674033,0.686983004675436,724.0
