,precision,recall,f1-score,support
0,0.4992987377279102,0.9834254143646409,0.6623255813953488,362.0
1,0.45454545454545453,0.013812154696132596,0.02680965147453083,362.0
accuracy,0.4986187845303867,0.4986187845303867,0.4986187845303867,0.4986187845303867
macro avg,0.47692209613668235,0.49861878453038677,0.3445676164349398,724.0
weighted avg,0.4769220961366824,0.4986187845303867,0.34456761643493977,724.0
