,precision,recall,f1-score,support
0,0.5094043887147336,0.8977900552486188,0.65,362.0
1,0.5697674418604651,0.13535911602209943,0.21875000000000003,362.0
accuracy,0.5165745856353591,0.5165745856353591,0.5165745856353591,0.5165745856353591
macro avg,0.5395859152875994,0.5165745856353591,0.434375,724.0
weighted avg,0.5395859152875994,0.5165745856353591,0.434375,724.0
