,precision,recall,f1-score,support
0,0.5028011204481793,0.9917127071823204,0.6672862453531598,362.0
1,0.7,0.019337016574585635,0.03763440860215053,362.0
accuracy,0.505524861878453,0.505524861878453,0.505524861878453,0.505524861878453
macro avg,0.6014005602240896,0.505524861878453,0.35246032697765517,724.0
weighted avg,0.6014005602240896,0.505524861878453,0.35246032697765517,724.0
