,precision,recall,f1-score,support
0.0,0.6826666666666666,0.7071823204419889,0.6947082767978291,362.0
1.0,0.6962750716332379,0.6712707182320442,0.6835443037974684,362.0
accuracy,0.6892265193370166,0.6892265193370166,0.6892265193370166,0.6892265193370166
macro avg,0.6894708691499523,0.6892265193370166,0.6891262902976487,724.0
weighted avg,0.6894708691499523,0.6892265193370166,0.6891262902976488,724.0
