,precision,recall,f1-score,support
0.0,0.8068965517241379,0.32320441988950277,0.46153846153846156,362.0
1.0,0.5768566493955095,0.9226519337016574,0.7098831030818278,362.0
accuracy,0.6229281767955801,0.6229281767955801,0.6229281767955801,0.6229281767955801
macro avg,0.6918766005598237,0.6229281767955801,0.5857107823101446,724.0
weighted avg,0.6918766005598237,0.6229281767955801,0.5857107823101447,724.0
