,precision,recall,f1-score,support
0.0,0.6571428571428571,0.7624309392265194,0.7058823529411765,362.0
1.0,0.7171052631578947,0.6022099447513812,0.6546546546546546,362.0
accuracy,0.6823204419889503,0.6823204419889503,0.6823204419889503,0.6823204419889503
macro avg,0.6871240601503759,0.6823204419889504,0.6802685037979155,724.0
weighted avg,0.6871240601503759,0.6823204419889503,0.6802685037979155,724.0
