,precision,recall,f1-score,support
0,0.6865284974093264,0.7320441988950276,0.7085561497326203,362.0
1,0.7130177514792899,0.6657458563535912,0.6885714285714286,362.0
accuracy,0.6988950276243094,0.6988950276243094,0.6988950276243094,0.6988950276243094
macro avg,0.6997731244443082,0.6988950276243093,0.6985637891520244,724.0
weighted avg,0.6997731244443082,0.6988950276243094,0.6985637891520244,724.0
