,precision,recall,f1-score,support
0,0.7647058823529411,0.03591160220994475,0.06860158311345646,362.0
1,0.5063649222065064,0.988950276243094,0.6697848456501403,362.0
accuracy,0.5124309392265194,0.5124309392265194,0.5124309392265194,0.5124309392265194
macro avg,0.6355354022797237,0.5124309392265194,0.36919321438179836,724.0
weighted avg,0.6355354022797238,0.5124309392265194,0.36919321438179836,724.0
