,precision,recall,f1-score,support
0,0.4992947813822285,0.9779005524861878,0.6610644257703081,362.0
1,0.4666666666666667,0.019337016574585635,0.03713527851458886,362.0
accuracy,0.4986187845303867,0.4986187845303867,0.4986187845303867,0.4986187845303867
macro avg,0.4829807240244476,0.4986187845303867,0.3490998521424485,724.0
weighted avg,0.48298072402444764,0.4986187845303867,0.3490998521424485,724.0
