,precision,recall,f1-score,support
0.0,0.699438202247191,0.6878453038674033,0.6935933147632312,362.0
1.0,0.6929347826086957,0.7044198895027625,0.6986301369863015,362.0
accuracy,0.6961325966850829,0.6961325966850829,0.6961325966850829,0.6961325966850829
macro avg,0.6961864924279433,0.6961325966850829,0.6961117258747663,724.0
weighted avg,0.6961864924279434,0.6961325966850829,0.6961117258747663,724.0
