,precision,recall,f1-score,support
0,0.6790450928381963,0.7071823204419889,0.6928281461434371,362.0
1,0.6945244956772334,0.6657458563535912,0.6798307475317349,362.0
accuracy,0.68646408839779,0.68646408839779,0.68646408839779,0.68646408839779
macro avg,0.6867847942577148,0.68646408839779,0.686329446837586,724.0
weighted avg,0.6867847942577149,0.68646408839779,0.686329446837586,724.0
