,precision,recall,f1-score,support
0.0,0.6860759493670886,0.7486187845303868,0.7159841479524439,362.0
1.0,0.723404255319149,0.6574585635359116,0.6888567293777135,362.0
accuracy,0.7030386740331491,0.7030386740331491,0.7030386740331491,0.7030386740331491
macro avg,0.7047401023431188,0.7030386740331491,0.7024204386650788,724.0
weighted avg,0.7047401023431188,0.7030386740331491,0.7024204386650786,724.0
