,precision,recall,f1-score,support
0,0.5109717868338558,0.9005524861878453,0.6519999999999999,362.0
1,0.5813953488372093,0.13812154696132597,0.22321428571428573,362.0
accuracy,0.5193370165745856,0.5193370165745856,0.5193370165745856,0.5193370165745856
macro avg,0.5461835678355326,0.5193370165745856,0.4376071428571428,724.0
weighted avg,0.5461835678355326,0.5193370165745856,0.4376071428571428,724.0
