,precision,recall,f1-score,support
0,0.5071315372424723,0.8839779005524862,0.6445115810674723,362.0
1,0.5483870967741935,0.1408839779005525,0.22417582417582416,362.0
accuracy,0.5124309392265194,0.5124309392265194,0.5124309392265194,0.5124309392265194
macro avg,0.5277593170083329,0.5124309392265193,0.43434370262164823,724.0
weighted avg,0.5277593170083329,0.5124309392265194,0.43434370262164823,724.0
