,precision,recall,f1-score,support
0.0,0.672544080604534,0.7375690607734806,0.7035573122529644,362.0
1.0,0.709480122324159,0.6408839779005525,0.6734397677793904,362.0
accuracy,0.6892265193370166,0.6892265193370166,0.6892265193370166,0.6892265193370166
macro avg,0.6910121014643464,0.6892265193370166,0.6884985400161774,724.0
weighted avg,0.6910121014643464,0.6892265193370166,0.6884985400161774,724.0
