,precision,recall,f1-score,support
0.0,0.821917808219178,0.3314917127071823,0.47244094488188976,362.0
1.0,0.5813148788927336,0.9281767955801105,0.7148936170212766,362.0
accuracy,0.6298342541436464,0.6298342541436464,0.6298342541436464,0.6298342541436464
macro avg,0.7016163435559558,0.6298342541436464,0.5936672809515832,724.0
weighted avg,0.7016163435559557,0.6298342541436464,0.5936672809515832,724.0
