,precision,recall,f1-score,support
0,0.9041095890410958,0.18232044198895028,0.30344827586206896,362.0
1,0.5453149001536098,0.9806629834254144,0.700888450148075,362.0
accuracy,0.5814917127071824,0.5814917127071824,0.5814917127071824,0.5814917127071824
macro avg,0.7247122445973528,0.5814917127071824,0.502168363005072,724.0
weighted avg,0.7247122445973528,0.5814917127071824,0.502168363005072,724.0
