,precision,recall,f1-score,support
0.0,0.6674937965260546,0.7430939226519337,0.7032679738562091,362.0
1.0,0.7102803738317757,0.6298342541436464,0.6676427525622254,362.0
accuracy,0.68646408839779,0.68646408839779,0.68646408839779,0.68646408839779
macro avg,0.6888870851789151,0.68646408839779,0.6854553632092173,724.0
weighted avg,0.6888870851789151,0.68646408839779,0.6854553632092173,724.0
