,precision,recall,f1-score,support
0,0.5,0.9861878453038674,0.6635687732342007,362.0
1,0.5,0.013812154696132596,0.026881720430107524,362.0
accuracy,0.5,0.5,0.5,0.5
macro avg,0.5,0.5,0.3452252468321541,724.0
weighted avg,0.5,0.5,0.3452252468321541,724.0
