,precision,recall,f1-score,support
0,0.5021097046413502,0.9861878453038674,0.6654240447343895,362.0
1,0.6153846153846154,0.022099447513812154,0.042666666666666665,362.0
accuracy,0.5041436464088398,0.5041436464088398,0.5041436464088398,0.5041436464088398
macro avg,0.5587471600129827,0.5041436464088398,0.3540453557005281,724.0
weighted avg,0.5587471600129827,0.5041436464088398,0.3540453557005281,724.0
