,precision,recall,f1-score,support
0,0.9104477611940298,0.1685082872928177,0.2843822843822844,362.0
1,0.5418569254185692,0.9834254143646409,0.6987242394504416,362.0
accuracy,0.5759668508287292,0.5759668508287292,0.5759668508287292,0.5759668508287292
macro avg,0.7261523433062995,0.5759668508287293,0.491553261916363,724.0
weighted avg,0.7261523433062996,0.5759668508287292,0.491553261916363,724.0
