,precision,recall,f1-score,support
0,0.503003003003003,0.925414364640884,0.651750972762646,362.0
1,0.5344827586206896,0.0856353591160221,0.14761904761904762,362.0
accuracy,0.505524861878453,0.505524861878453,0.505524861878453,0.505524861878453
macro avg,0.5187428808118464,0.505524861878453,0.39968501019084685,724.0
weighted avg,0.5187428808118463,0.505524861878453,0.39968501019084685,724.0
