,precision,recall,f1-score,support
0,0.8421052631578947,0.04419889502762431,0.08398950131233596,362.0
1,0.5092198581560283,0.9917127071823204,0.6729147141518275,362.0
accuracy,0.5179558011049724,0.5179558011049724,0.5179558011049724,0.5179558011049724
macro avg,0.6756625606569615,0.5179558011049723,0.3784521077320817,724.0
weighted avg,0.6756625606569614,0.5179558011049724,0.37845210773208177,724.0
