,precision,recall,f1-score,support
0.0,0.6582914572864321,0.7237569060773481,0.6894736842105263,362.0
1.0,0.6932515337423313,0.6243093922651933,0.6569767441860465,362.0
accuracy,0.6740331491712708,0.6740331491712708,0.6740331491712708,0.6740331491712708
macro avg,0.6757714955143816,0.6740331491712708,0.6732252141982864,724.0
weighted avg,0.6757714955143816,0.6740331491712708,0.6732252141982864,724.0
