,precision,recall,f1-score,support
0.0,0.7353951890034365,0.5911602209944752,0.6554364471669221,362.0
1.0,0.6581986143187067,0.787292817679558,0.7169811320754718,362.0
accuracy,0.6892265193370166,0.6892265193370166,0.6892265193370166,0.6892265193370166
macro avg,0.6967969016610716,0.6892265193370166,0.6862087896211969,724.0
weighted avg,0.6967969016610717,0.6892265193370166,0.6862087896211969,724.0
