,precision,recall,f1-score,support
0,0.5101404056162246,0.9033149171270718,0.6520438683948155,362.0
1,0.5783132530120482,0.13259668508287292,0.21573033707865166,362.0
accuracy,0.5179558011049724,0.5179558011049724,0.5179558011049724,0.5179558011049724
macro avg,0.5442268293141364,0.5179558011049723,0.4338871027367336,724.0
weighted avg,0.5442268293141365,0.5179558011049724,0.43388710273673364,724.0
