,precision,recall,f1-score,support
0,0.8181818181818182,0.049723756906077346,0.09375,362.0
1,0.50997150997151,0.988950276243094,0.6729323308270677,362.0
accuracy,0.5193370165745856,0.5193370165745856,0.5193370165745856,0.5193370165745856
macro avg,0.6640766640766641,0.5193370165745856,0.38334116541353386,724.0
weighted avg,0.6640766640766641,0.5193370165745856,0.38334116541353386,724.0
