,precision,recall,f1-score,support
0,0.921875,0.16298342541436464,0.27699530516431925,362.0
1,0.5409090909090909,0.9861878453038674,0.6986301369863014,362.0
accuracy,0.574585635359116,0.574585635359116,0.574585635359116,0.574585635359116
macro avg,0.7313920454545455,0.574585635359116,0.4878127210753103,724.0
weighted avg,0.7313920454545454,0.574585635359116,0.4878127210753103,724.0
