,precision,recall,f1-score,support
0.0,0.6691176470588235,0.7541436464088398,0.7090909090909091,362.0
1.0,0.7183544303797469,0.6270718232044199,0.6696165191740413,362.0
accuracy,0.6906077348066298,0.6906077348066298,0.6906077348066298,0.6906077348066298
macro avg,0.6937360387192852,0.6906077348066298,0.6893537141324753,724.0
weighted avg,0.6937360387192852,0.6906077348066298,0.6893537141324753,724.0
