,precision,recall,f1-score,support
0.0,0.7375886524822695,0.574585635359116,0.6459627329192545,362.0
1.0,0.6515837104072398,0.7955801104972375,0.716417910447761,362.0
accuracy,0.6850828729281768,0.6850828729281768,0.6850828729281768,0.6850828729281768
macro avg,0.6945861814447547,0.6850828729281768,0.6811903216835078,724.0
weighted avg,0.6945861814447546,0.6850828729281768,0.6811903216835078,724.0
