,precision,recall,f1-score,support
0.0,0.6925064599483204,0.7403314917127072,0.7156208277703606,362.0
1.0,0.7210682492581603,0.6712707182320442,0.6952789699570815,362.0
accuracy,0.7058011049723757,0.7058011049723757,0.7058011049723757,0.7058011049723757
macro avg,0.7067873546032404,0.7058011049723757,0.705449898863721,724.0
weighted avg,0.7067873546032403,0.7058011049723757,0.705449898863721,724.0
