,precision,recall,f1-score,support
0,0.8041237113402062,0.2154696132596685,0.3398692810457516,362.0
1,0.5470494417862839,0.9475138121546961,0.6936299292214357,362.0
accuracy,0.5814917127071824,0.5814917127071824,0.5814917127071824,0.5814917127071824
macro avg,0.6755865765632451,0.5814917127071824,0.5167496051335937,724.0
weighted avg,0.6755865765632451,0.5814917127071824,0.5167496051335937,724.0
