,precision,recall,f1-score,support
0,0.505586592178771,1.0,0.6716141001855288,362.0
1,1.0,0.022099447513812154,0.043243243243243246,362.0
accuracy,0.511049723756906,0.511049723756906,0.511049723756906,0.511049723756906
macro avg,0.7527932960893855,0.511049723756906,0.357428671714386,724.0
weighted avg,0.7527932960893854,0.511049723756906,0.357428671714386,724.0
