,precision,recall,f1-score,support
0,0.5056022408963585,0.9972375690607734,0.671003717472119,362.0
1,0.9,0.024861878453038673,0.04838709677419355,362.0
accuracy,0.511049723756906,0.511049723756906,0.511049723756906,0.511049723756906
macro avg,0.7028011204481792,0.511049723756906,0.35969540712315623,724.0
weighted avg,0.7028011204481793,0.511049723756906,0.35969540712315623,724.0
