,precision,recall,f1-score,support
0.0,0.7290969899665551,0.6022099447513812,0.659606656580938,362.0
1.0,0.6611764705882353,0.7762430939226519,0.7141041931385006,362.0
accuracy,0.6892265193370166,0.6892265193370166,0.6892265193370166,0.6892265193370166
macro avg,0.6951367302773952,0.6892265193370166,0.6868554248597193,724.0
weighted avg,0.6951367302773952,0.6892265193370166,0.6868554248597193,724.0
