,precision,recall,f1-score,support
0,0.8333333333333334,0.06906077348066299,0.12755102040816327,362.0
1,0.5144092219020173,0.9861878453038674,0.6761363636363636,362.0
accuracy,0.5276243093922652,0.5276243093922652,0.5276243093922652,0.5276243093922652
macro avg,0.6738712776176754,0.5276243093922652,0.40184369202226344,724.0
weighted avg,0.6738712776176753,0.5276243093922652,0.40184369202226344,724.0
