,precision,recall,f1-score,support
0,0.5,0.9806629834254144,0.6623134328358209,362.0
1,0.5,0.019337016574585635,0.03723404255319149,362.0
accuracy,0.5,0.5,0.5,0.5
macro avg,0.5,0.5,0.3497737376945062,724.0
weighted avg,0.5,0.5,0.34977373769450615,724.0
