,precision,recall,f1-score,support
0.0,0.6666666666666666,0.7458563535911602,0.7040417209908736,362.0
1.0,0.7115987460815048,0.6270718232044199,0.6666666666666666,362.0
accuracy,0.68646408839779,0.68646408839779,0.68646408839779,0.68646408839779
macro avg,0.6891327063740857,0.68646408839779,0.6853541938287702,724.0
weighted avg,0.6891327063740856,0.68646408839779,0.68535419382877,724.0
