,precision,recall,f1-score,support
0,0.5037821482602118,0.919889502762431,0.6510263929618768,362.0
1,0.5396825396825397,0.09392265193370165,0.16,362.0
accuracy,0.5069060773480663,0.5069060773480663,0.5069060773480663,0.5069060773480663
macro avg,0.5217323439713757,0.5069060773480664,0.4055131964809384,724.0
weighted avg,0.5217323439713758,0.5069060773480663,0.40551319648093836,724.0
