,precision,recall,f1-score,support
0.0,0.6601941747572816,0.7513812154696132,0.7028423772609819,362.0
1.0,0.7115384615384616,0.6132596685082873,0.6587537091988132,362.0
accuracy,0.6823204419889503,0.6823204419889503,0.6823204419889503,0.6823204419889503
macro avg,0.6858663181478716,0.6823204419889503,0.6807980432298975,724.0
weighted avg,0.6858663181478716,0.6823204419889503,0.6807980432298976,724.0
