,precision,recall,f1-score,support
0.0,0.8188405797101449,0.31215469613259667,0.45199999999999996,362.0
1.0,0.5750853242320819,0.930939226519337,0.7109704641350211,362.0
accuracy,0.6215469613259669,0.6215469613259669,0.6215469613259669,0.6215469613259669
macro avg,0.6969629519711134,0.6215469613259669,0.5814852320675106,724.0
weighted avg,0.6969629519711134,0.6215469613259669,0.5814852320675106,724.0
