,precision,recall,f1-score,support
0,0.6691358024691358,0.7486187845303868,0.7066492829204694,362.0
1,0.7147335423197492,0.6298342541436464,0.6696035242290749,362.0
accuracy,0.6892265193370166,0.6892265193370166,0.6892265193370166,0.6892265193370166
macro avg,0.6919346723944425,0.6892265193370166,0.6881264035747721,724.0
weighted avg,0.6919346723944425,0.6892265193370166,0.6881264035747722,724.0
