,precision,recall,f1-score,support
0.0,0.6627906976744186,0.787292817679558,0.7196969696969697,362.0
1.0,0.7380952380952381,0.5994475138121547,0.6615853658536586,362.0
accuracy,0.6933701657458563,0.6933701657458563,0.6933701657458563,0.6933701657458563
macro avg,0.7004429678848283,0.6933701657458564,0.6906411677753141,724.0
weighted avg,0.7004429678848283,0.6933701657458563,0.6906411677753141,724.0
