,precision,recall,f1-score,support
0.0,0.7426470588235294,0.5580110497237569,0.637223974763407,362.0
1.0,0.6460176991150443,0.8066298342541437,0.7174447174447174,362.0
accuracy,0.6823204419889503,0.6823204419889503,0.6823204419889503,0.6823204419889503
macro avg,0.6943323789692868,0.6823204419889504,0.6773343461040622,724.0
weighted avg,0.6943323789692868,0.6823204419889503,0.6773343461040622,724.0
