,precision,recall,f1-score,support
0.0,0.6802168021680217,0.6933701657458563,0.6867305061559508,362.0
1.0,0.6873239436619718,0.6740331491712708,0.6806136680613668,362.0
accuracy,0.6837016574585635,0.6837016574585635,0.6837016574585635,0.6837016574585635
macro avg,0.6837703729149968,0.6837016574585635,0.6836720871086588,724.0
weighted avg,0.6837703729149968,0.6837016574585635,0.6836720871086588,724.0
