,precision,recall,f1-score,support
0.0,0.7,0.7541436464088398,0.726063829787234,362.0
1.0,0.7335329341317365,0.6767955801104972,0.7040229885057472,362.0
accuracy,0.7154696132596685,0.7154696132596685,0.7154696132596685,0.7154696132596685
macro avg,0.7167664670658682,0.7154696132596685,0.7150434091464906,724.0
weighted avg,0.7167664670658682,0.7154696132596685,0.7150434091464907,724.0
