,precision,recall,f1-score,support
0.0,0.6641221374045801,0.7209944751381215,0.6913907284768211,362.0
1.0,0.6948640483383686,0.6353591160220995,0.6637806637806638,362.0
accuracy,0.6781767955801105,0.6781767955801105,0.6781767955801105,0.6781767955801105
macro avg,0.6794930928714744,0.6781767955801106,0.6775856961287425,724.0
weighted avg,0.6794930928714743,0.6781767955801105,0.6775856961287425,724.0
