,precision,recall,f1-score,support
0.0,0.835820895522388,0.15469613259668508,0.26107226107226106,362.0
1.0,0.5342465753424658,0.9696132596685083,0.688910696761531,362.0
accuracy,0.5621546961325967,0.5621546961325967,0.5621546961325967,0.5621546961325967
macro avg,0.685033735432427,0.5621546961325967,0.4749914789168961,724.0
weighted avg,0.6850337354324268,0.5621546961325967,0.4749914789168961,724.0
