,precision,recall,f1-score,support
0.0,0.6539325842696629,0.8038674033149171,0.721189591078067,362.0
1.0,0.7455197132616488,0.574585635359116,0.6489859594383776,362.0
accuracy,0.6892265193370166,0.6892265193370166,0.6892265193370166,0.6892265193370166
macro avg,0.6997261487656559,0.6892265193370166,0.6850877752582223,724.0
weighted avg,0.6997261487656559,0.6892265193370166,0.6850877752582223,724.0
