,precision,recall,f1-score,support
0.0,0.7558139534883721,0.5386740331491713,0.6290322580645161,362.0
1.0,0.6416309012875536,0.8259668508287292,0.7222222222222222,362.0
accuracy,0.6823204419889503,0.6823204419889503,0.6823204419889503,0.6823204419889503
macro avg,0.6987224273879629,0.6823204419889503,0.6756272401433692,724.0
weighted avg,0.6987224273879629,0.6823204419889503,0.6756272401433693,724.0
