,precision,recall,f1-score,support
0.0,0.6597222222222222,0.787292817679558,0.7178841309823678,362.0
1.0,0.7363013698630136,0.5939226519337016,0.6574923547400611,362.0
accuracy,0.6906077348066298,0.6906077348066298,0.6906077348066298,0.6906077348066298
macro avg,0.698011796042618,0.6906077348066298,0.6876882428612144,724.0
weighted avg,0.698011796042618,0.6906077348066298,0.6876882428612143,724.0
