,precision,recall,f1-score,support
0.0,0.6666666666666666,0.7845303867403315,0.7208121827411168,362.0
1.0,0.738255033557047,0.6077348066298343,0.6666666666666667,362.0
accuracy,0.6961325966850829,0.6961325966850829,0.6961325966850829,0.6961325966850829
macro avg,0.7024608501118568,0.6961325966850829,0.6937394247038917,724.0
weighted avg,0.7024608501118569,0.6961325966850829,0.6937394247038917,724.0
