,precision,recall,f1-score,support
0,0.6604215456674473,0.7790055248618785,0.7148288973384029,362.0
1,0.7306397306397306,0.5994475138121547,0.6585735963581184,362.0
accuracy,0.6892265193370166,0.6892265193370166,0.6892265193370166,0.6892265193370166
macro avg,0.695530638153589,0.6892265193370166,0.6867012468482607,724.0
weighted avg,0.695530638153589,0.6892265193370166,0.6867012468482607,724.0
