,precision,recall,f1-score,support
0.0,0.6697674418604651,0.7955801104972375,0.7272727272727273,362.0
1.0,0.7482993197278912,0.6077348066298343,0.6707317073170732,362.0
accuracy,0.7016574585635359,0.7016574585635359,0.7016574585635359,0.7016574585635359
macro avg,0.7090333807941782,0.7016574585635359,0.6990022172949002,724.0
weighted avg,0.7090333807941781,0.7016574585635359,0.6990022172949002,724.0
