,precision,recall,f1-score,support
0.0,0.6730769230769231,0.7734806629834254,0.7197943444730077,362.0
1.0,0.7337662337662337,0.6243093922651933,0.6746268656716418,362.0
accuracy,0.6988950276243094,0.6988950276243094,0.6988950276243094,0.6988950276243094
macro avg,0.7034215784215785,0.6988950276243093,0.6972106050723248,724.0
weighted avg,0.7034215784215784,0.6988950276243094,0.6972106050723248,724.0
