,precision,recall,f1-score,support
0.0,0.6605504587155964,0.7955801104972375,0.7218045112781954,362.0
1.0,0.7430555555555556,0.5911602209944752,0.6584615384615384,362.0
accuracy,0.6933701657458563,0.6933701657458563,0.6933701657458563,0.6933701657458563
macro avg,0.701803007135576,0.6933701657458564,0.6901330248698669,724.0
weighted avg,0.701803007135576,0.6933701657458563,0.6901330248698669,724.0
