,precision,recall,f1-score,support
0.0,0.8448275862068966,0.13535911602209943,0.2333333333333333,362.0
1.0,0.53003003003003,0.9751381215469613,0.6867704280155643,362.0
accuracy,0.5552486187845304,0.5552486187845304,0.5552486187845304,0.5552486187845304
macro avg,0.6874288081184633,0.5552486187845304,0.4600518806744488,724.0
weighted avg,0.6874288081184633,0.5552486187845304,0.4600518806744488,724.0
