,precision,recall,f1-score,support
0.0,0.674364896073903,0.8066298342541437,0.7345911949685534,362.0
1.0,0.7594501718213058,0.6104972375690608,0.67687595712098,362.0
accuracy,0.7085635359116023,0.7085635359116023,0.7085635359116023,0.7085635359116023
macro avg,0.7169075339476044,0.7085635359116023,0.7057335760447667,724.0
weighted avg,0.7169075339476045,0.7085635359116023,0.7057335760447667,724.0
