,precision,recall,f1-score,support
0,0.6809651474530831,0.7016574585635359,0.6911564625850339,362.0
1,0.6923076923076923,0.6712707182320442,0.6816269284712483,362.0
accuracy,0.68646408839779,0.68646408839779,0.68646408839779,0.68646408839779
macro avg,0.6866364198803877,0.68646408839779,0.686391695528141,724.0
weighted avg,0.6866364198803877,0.68646408839779,0.6863916955281412,724.0
