,precision,recall,f1-score,support
0.0,0.7411347517730497,0.5773480662983426,0.6490683229813664,362.0
1.0,0.6538461538461539,0.7983425414364641,0.7189054726368159,362.0
accuracy,0.6878453038674033,0.6878453038674033,0.6878453038674033,0.6878453038674033
macro avg,0.6974904528096018,0.6878453038674033,0.6839868978090912,724.0
weighted avg,0.6974904528096018,0.6878453038674033,0.6839868978090912,724.0
