,precision,recall,f1-score,support
0.0,0.6589327146171694,0.7845303867403315,0.7162673392181588,362.0
1.0,0.7337883959044369,0.5939226519337016,0.6564885496183205,362.0
accuracy,0.6892265193370166,0.6892265193370166,0.6892265193370166,0.6892265193370166
macro avg,0.6963605552608032,0.6892265193370166,0.6863779444182396,724.0
weighted avg,0.6963605552608031,0.6892265193370166,0.6863779444182396,724.0
