,precision,recall,f1-score,support
0.0,0.702247191011236,0.6906077348066298,0.6963788300835656,362.0
1.0,0.6956521739130435,0.7071823204419889,0.7013698630136986,362.0
accuracy,0.6988950276243094,0.6988950276243094,0.6988950276243094,0.6988950276243094
macro avg,0.6989496824621397,0.6988950276243093,0.6988743465486321,724.0
weighted avg,0.6989496824621397,0.6988950276243094,0.6988743465486321,724.0
