,precision,recall,f1-score,support
0.0,0.6658767772511849,0.7762430939226519,0.7168367346938777,362.0
1.0,0.7317880794701986,0.6104972375690608,0.6656626506024097,362.0
accuracy,0.6933701657458563,0.6933701657458563,0.6933701657458563,0.6933701657458563
macro avg,0.6988324283606917,0.6933701657458564,0.6912496926481437,724.0
weighted avg,0.6988324283606918,0.6933701657458563,0.6912496926481436,724.0
