,precision,recall,f1-score,support
0.0,0.6947368421052632,0.7292817679558011,0.711590296495957,362.0
1.0,0.7151162790697675,0.6795580110497238,0.6968838526912181,362.0
accuracy,0.7044198895027625,0.7044198895027625,0.7044198895027625,0.7044198895027625
macro avg,0.7049265605875153,0.7044198895027625,0.7042370745935875,724.0
weighted avg,0.7049265605875153,0.7044198895027625,0.7042370745935875,724.0
