,precision,recall,f1-score,support
0.0,0.6942148760330579,0.6961325966850829,0.6951724137931033,362.0
1.0,0.6952908587257618,0.6933701657458563,0.6943291839557401,362.0
accuracy,0.6947513812154696,0.6947513812154696,0.6947513812154696,0.6947513812154696
macro avg,0.6947528673794099,0.6947513812154695,0.6947507988744217,724.0
weighted avg,0.6947528673794099,0.6947513812154696,0.6947507988744217,724.0
