,precision,recall,f1-score,support
0.0,0.8529411764705882,0.16022099447513813,0.2697674418604651,362.0
1.0,0.5365853658536586,0.9723756906077348,0.6915520628683693,362.0
accuracy,0.5662983425414365,0.5662983425414365,0.5662983425414365,0.5662983425414365
macro avg,0.6947632711621234,0.5662983425414364,0.4806597523644172,724.0
weighted avg,0.6947632711621233,0.5662983425414365,0.4806597523644172,724.0
