,precision,recall,f1-score,support
0.0,0.668235294117647,0.7845303867403315,0.7217280813214739,362.0
1.0,0.7391304347826086,0.6104972375690608,0.6686838124054464,362.0
accuracy,0.6975138121546961,0.6975138121546961,0.6975138121546961,0.6975138121546961
macro avg,0.7036828644501278,0.6975138121546962,0.6952059468634602,724.0
weighted avg,0.7036828644501278,0.6975138121546961,0.6952059468634602,724.0
