,precision,recall,f1-score,support
0.0,0.6732186732186732,0.7569060773480663,0.7126137841352406,362.0
1.0,0.722397476340694,0.6325966850828729,0.674521354933726,362.0
accuracy,0.6947513812154696,0.6947513812154696,0.6947513812154696,0.6947513812154696
macro avg,0.6978080747796835,0.6947513812154695,0.6935675695344833,724.0
weighted avg,0.6978080747796835,0.6947513812154696,0.6935675695344833,724.0
