,precision,recall,f1-score,support
0.0,0.6385809312638581,0.7955801104972375,0.7084870848708488,362.0
1.0,0.7289377289377289,0.5497237569060773,0.6267716535433071,362.0
accuracy,0.6726519337016574,0.6726519337016574,0.6726519337016574,0.6726519337016574
macro avg,0.6837593301007935,0.6726519337016574,0.6676293692070779,724.0
weighted avg,0.6837593301007935,0.6726519337016574,0.6676293692070779,724.0
