,precision,recall,f1-score,support
0.0,0.8218390804597702,0.39502762430939226,0.5335820895522388,362.0
1.0,0.6018181818181818,0.914364640883978,0.7258771929824561,362.0
accuracy,0.6546961325966851,0.6546961325966851,0.6546961325966851,0.6546961325966851
macro avg,0.711828631138976,0.6546961325966851,0.6297296412673474,724.0
weighted avg,0.711828631138976,0.6546961325966851,0.6297296412673475,724.0
