,precision,recall,f1-score,support
0,0.8333333333333334,0.2900552486187845,0.430327868852459,362.0
1,0.5702341137123745,0.9419889502762431,0.7104166666666667,362.0
accuracy,0.6160220994475138,0.6160220994475138,0.6160220994475138,0.6160220994475138
macro avg,0.7017837235228539,0.6160220994475138,0.5703722677595628,724.0
weighted avg,0.7017837235228539,0.6160220994475138,0.5703722677595628,724.0
