,precision,recall,f1-score,support
0.0,0.7058823529411765,0.6298342541436464,0.6656934306569342,362.0
1.0,0.6658354114713217,0.7375690607734806,0.6998689384010485,362.0
accuracy,0.6837016574585635,0.6837016574585635,0.6837016574585635,0.6837016574585635
macro avg,0.6858588822062491,0.6837016574585635,0.6827811845289913,724.0
weighted avg,0.6858588822062491,0.6837016574585635,0.6827811845289914,724.0
