,precision,recall,f1-score,support
0.0,0.6723300970873787,0.7651933701657458,0.7157622739018089,362.0
1.0,0.7275641025641025,0.6270718232044199,0.6735905044510386,362.0
accuracy,0.6961325966850829,0.6961325966850829,0.6961325966850829,0.6961325966850829
macro avg,0.6999470998257407,0.6961325966850829,0.6946763891764238,724.0
weighted avg,0.6999470998257407,0.6961325966850829,0.6946763891764237,724.0
