,precision,recall,f1-score,support
0,0.6745406824146981,0.7099447513812155,0.6917900403768505,362.0
1,0.6938775510204082,0.6574585635359116,0.6751773049645389,362.0
accuracy,0.6837016574585635,0.6837016574585635,0.6837016574585635,0.6837016574585635
macro avg,0.6842091167175531,0.6837016574585635,0.6834836726706948,724.0
weighted avg,0.6842091167175531,0.6837016574585635,0.6834836726706947,724.0
