,precision,recall,f1-score,support
0,0.6906666666666667,0.7154696132596685,0.7028493894165536,362.0
1,0.7048710601719198,0.6795580110497238,0.6919831223628692,362.0
accuracy,0.6975138121546961,0.6975138121546961,0.6975138121546961,0.6975138121546961
macro avg,0.6977688634192932,0.6975138121546962,0.6974162558897115,724.0
weighted avg,0.6977688634192932,0.6975138121546961,0.6974162558897115,724.0
