,precision,recall,f1-score,support
0.0,0.6271551724137931,0.8038674033149171,0.7046004842615012,362.0
1.0,0.7269230769230769,0.5220994475138122,0.6077170418006431,362.0
accuracy,0.6629834254143646,0.6629834254143646,0.6629834254143646,0.6629834254143646
macro avg,0.6770391246684351,0.6629834254143647,0.6561587630310721,724.0
weighted avg,0.677039124668435,0.6629834254143646,0.6561587630310721,724.0
