,precision,recall,f1-score,support
0,0.6367432150313153,0.8425414364640884,0.7253269916765755,362.0
1,0.7673469387755102,0.5193370165745856,0.6194398682042833,362.0
accuracy,0.680939226519337,0.680939226519337,0.680939226519337,0.680939226519337
macro avg,0.7020450769034128,0.680939226519337,0.6723834299404294,724.0
weighted avg,0.7020450769034128,0.680939226519337,0.6723834299404294,724.0
