,precision,recall,f1-score,support
0.0,0.665871121718377,0.7707182320441989,0.7144686299615878,362.0
1.0,0.7278688524590164,0.6132596685082873,0.6656671664167916,362.0
accuracy,0.6919889502762431,0.6919889502762431,0.6919889502762431,0.6919889502762431
macro avg,0.6968699870886967,0.6919889502762431,0.6900678981891897,724.0
weighted avg,0.6968699870886967,0.6919889502762431,0.6900678981891896,724.0
