,precision,recall,f1-score,support
0,0.6839237057220708,0.6933701657458563,0.6886145404663924,362.0
1,0.6890756302521008,0.6795580110497238,0.6842837273991655,362.0
accuracy,0.68646408839779,0.68646408839779,0.68646408839779,0.68646408839779
macro avg,0.6864996679870858,0.68646408839779,0.686449133932779,724.0
weighted avg,0.6864996679870858,0.68646408839779,0.686449133932779,724.0
