,precision,recall,f1-score,support
0,0.68,0.7044198895027625,0.6919945725915876,362.0
1,0.6934097421203438,0.6685082872928176,0.6807313642756679,362.0
accuracy,0.68646408839779,0.68646408839779,0.68646408839779,0.68646408839779
macro avg,0.686704871060172,0.68646408839779,0.6863629684336278,724.0
weighted avg,0.686704871060172,0.68646408839779,0.6863629684336278,724.0
