,precision,recall,f1-score,support
0.0,0.8322147651006712,0.3425414364640884,0.4853228962818004,362.0
1.0,0.5860869565217391,0.930939226519337,0.7193169690501601,362.0
accuracy,0.6367403314917127,0.6367403314917127,0.6367403314917127,0.6367403314917127
macro avg,0.7091508608112052,0.6367403314917127,0.6023199326659803,724.0
weighted avg,0.709150860811205,0.6367403314917127,0.6023199326659803,724.0
