,precision,recall,f1-score,support
0.0,0.8192771084337349,0.3756906077348066,0.5151515151515151,362.0
1.0,0.5949820788530465,0.9171270718232044,0.7217391304347825,362.0
accuracy,0.6464088397790055,0.6464088397790055,0.6464088397790055,0.6464088397790055
macro avg,0.7071295936433908,0.6464088397790055,0.6184453227931488,724.0
weighted avg,0.7071295936433907,0.6464088397790055,0.6184453227931488,724.0
