,precision,recall,f1-score,support
0,0.6772486772486772,0.7071823204419889,0.6918918918918918,362.0
1,0.6936416184971098,0.6629834254143646,0.6779661016949152,362.0
accuracy,0.6850828729281768,0.6850828729281768,0.6850828729281768,0.6850828729281768
macro avg,0.6854451478728936,0.6850828729281768,0.6849289967934036,724.0
weighted avg,0.6854451478728936,0.6850828729281768,0.6849289967934036,724.0
