,precision,recall,f1-score,support
0.0,0.6641025641025641,0.7154696132596685,0.6888297872340426,362.0
1.0,0.6916167664670658,0.638121546961326,0.6637931034482758,362.0
accuracy,0.6767955801104972,0.6767955801104972,0.6767955801104972,0.6767955801104972
macro avg,0.677859665284815,0.6767955801104972,0.6763114453411592,724.0
weighted avg,0.6778596652848149,0.6767955801104972,0.6763114453411592,724.0
