,precision,recall,f1-score,support
0.0,0.825503355704698,0.3397790055248619,0.48140900195694714,362.0
1.0,0.5843478260869566,0.9281767955801105,0.7171824973319103,362.0
accuracy,0.6339779005524862,0.6339779005524862,0.6339779005524862,0.6339779005524862
macro avg,0.7049255908958273,0.6339779005524862,0.5992957496444287,724.0
weighted avg,0.7049255908958273,0.6339779005524862,0.5992957496444288,724.0
