,precision,recall,f1-score,support
0,0.6943699731903485,0.7154696132596685,0.7047619047619047,362.0
1,0.7065527065527065,0.6850828729281768,0.6956521739130436,362.0
accuracy,0.7002762430939227,0.7002762430939227,0.7002762430939227,0.7002762430939227
macro avg,0.7004613398715276,0.7002762430939227,0.7002070393374742,724.0
weighted avg,0.7004613398715275,0.7002762430939227,0.7002070393374742,724.0
