,precision,recall,f1-score,support
0,0.6933333333333334,0.7182320441988951,0.7055630936227951,362.0
1,0.7077363896848138,0.6823204419889503,0.6947960618846695,362.0
accuracy,0.7002762430939227,0.7002762430939227,0.7002762430939227,0.7002762430939227
macro avg,0.7005348615090736,0.7002762430939227,0.7001795777537323,724.0
weighted avg,0.7005348615090735,0.7002762430939227,0.7001795777537323,724.0
