,precision,recall,f1-score,support
0.0,0.654320987654321,0.7320441988950276,0.6910039113428944,362.0
1.0,0.6959247648902821,0.6132596685082873,0.6519823788546256,362.0
accuracy,0.6726519337016574,0.6726519337016574,0.6726519337016574,0.6726519337016574
macro avg,0.6751228762723016,0.6726519337016574,0.67149314509876,724.0
weighted avg,0.6751228762723015,0.6726519337016574,0.67149314509876,724.0
