,precision,recall,f1-score,support
0.0,0.6650717703349283,0.7679558011049724,0.7128205128205128,362.0
1.0,0.7254901960784313,0.6132596685082873,0.6646706586826346,362.0
accuracy,0.6906077348066298,0.6906077348066298,0.6906077348066298,0.6906077348066298
macro avg,0.6952809832066797,0.6906077348066298,0.6887455857515737,724.0
weighted avg,0.6952809832066799,0.6906077348066298,0.6887455857515737,724.0
