,precision,recall,f1-score,support
0,0.84,0.2900552486187845,0.4312114989733059,362.0
1,0.5709515859766278,0.9447513812154696,0.7117585848074922,362.0
accuracy,0.6174033149171271,0.6174033149171271,0.6174033149171271,0.6174033149171271
macro avg,0.7054757929883139,0.6174033149171271,0.5714850418903991,724.0
weighted avg,0.7054757929883139,0.6174033149171271,0.5714850418903991,724.0
