,precision,recall,f1-score,support
0,0.6873156342182891,0.643646408839779,0.6647646219686162,362.0
1,0.6649350649350649,0.7071823204419889,0.6854082998661312,362.0
accuracy,0.675414364640884,0.675414364640884,0.675414364640884,0.675414364640884
macro avg,0.676125349576677,0.6754143646408839,0.6750864609173737,724.0
weighted avg,0.676125349576677,0.675414364640884,0.6750864609173737,724.0
