,precision,recall,f1-score,support
0.0,0.6236786469344608,0.8149171270718232,0.7065868263473053,362.0
1.0,0.7330677290836654,0.5082872928176796,0.600326264274062,362.0
accuracy,0.6616022099447514,0.6616022099447514,0.6616022099447514,0.6616022099447514
macro avg,0.6783731880090631,0.6616022099447514,0.6534565453106836,724.0
weighted avg,0.6783731880090631,0.6616022099447514,0.6534565453106836,724.0
