,precision,recall,f1-score,support
0.0,0.8171428571428572,0.39502762430939226,0.5325884543761639,362.0
1.0,0.6010928961748634,0.9116022099447514,0.7244785949506037,362.0
accuracy,0.6533149171270718,0.6533149171270718,0.6533149171270718,0.6533149171270718
macro avg,0.7091178766588603,0.6533149171270718,0.6285335246633839,724.0
weighted avg,0.7091178766588603,0.6533149171270718,0.6285335246633839,724.0
