,precision,recall,f1-score,support
0.0,0.6965944272445821,0.6215469613259669,0.6569343065693432,362.0
1.0,0.6583541147132169,0.7292817679558011,0.692005242463958,362.0
accuracy,0.675414364640884,0.675414364640884,0.675414364640884,0.675414364640884
macro avg,0.6774742709788995,0.675414364640884,0.6744697745166506,724.0
weighted avg,0.6774742709788995,0.675414364640884,0.6744697745166506,724.0
