,precision,recall,f1-score,support
0.0,0.6904024767801857,0.6160220994475138,0.6510948905109489,362.0
1.0,0.6533665835411472,0.7237569060773481,0.686762778505898,362.0
accuracy,0.669889502762431,0.669889502762431,0.669889502762431,0.669889502762431
macro avg,0.6718845301606664,0.669889502762431,0.6689288345084234,724.0
weighted avg,0.6718845301606665,0.669889502762431,0.6689288345084234,724.0
