,precision,recall,f1-score,support
0,0.6896551724137931,0.7182320441988951,0.7036535859269283,362.0
1,0.7060518731988472,0.6767955801104972,0.6911142454160789,362.0
accuracy,0.6975138121546961,0.6975138121546961,0.6975138121546961,0.6975138121546961
macro avg,0.6978535228063202,0.6975138121546962,0.6973839156715036,724.0
weighted avg,0.6978535228063202,0.6975138121546961,0.6973839156715036,724.0
