,precision,recall,f1-score,support
0,0.6910994764397905,0.7292817679558011,0.7096774193548387,362.0
1,0.7134502923976608,0.6740331491712708,0.6931818181818181,362.0
accuracy,0.7016574585635359,0.7016574585635359,0.7016574585635359,0.7016574585635359
macro avg,0.7022748844187257,0.701657458563536,0.7014296187683284,724.0
weighted avg,0.7022748844187257,0.7016574585635359,0.7014296187683285,724.0
