,precision,recall,f1-score,support
0,0.6727748691099477,0.7099447513812155,0.6908602150537634,362.0
1,0.6929824561403509,0.6546961325966851,0.6732954545454545,362.0
accuracy,0.6823204419889503,0.6823204419889503,0.6823204419889503,0.6823204419889503
macro avg,0.6828786626251493,0.6823204419889504,0.6820778347996089,724.0
weighted avg,0.6828786626251493,0.6823204419889503,0.6820778347996089,724.0
