,precision,recall,f1-score,support
0.0,0.6551724137931034,0.7348066298342542,0.6927083333333333,362.0
1.0,0.6981132075471698,0.6132596685082873,0.6529411764705881,362.0
accuracy,0.6740331491712708,0.6740331491712708,0.6740331491712708,0.6740331491712708
macro avg,0.6766428106701365,0.6740331491712708,0.6728247549019607,724.0
weighted avg,0.6766428106701365,0.6740331491712708,0.6728247549019607,724.0
