,precision,recall,f1-score,support
0.0,0.8344827586206897,0.3342541436464088,0.4773175542406312,362.0
1.0,0.5837651122625216,0.9337016574585635,0.718384697130712,362.0
accuracy,0.6339779005524862,0.6339779005524862,0.6339779005524862,0.6339779005524862
macro avg,0.7091239354416057,0.6339779005524862,0.5978511256856716,724.0
weighted avg,0.7091239354416056,0.6339779005524862,0.5978511256856716,724.0
