,precision,recall,f1-score,support
0,0.6868421052631579,0.7209944751381215,0.7035040431266846,362.0
1,0.7063953488372093,0.6712707182320442,0.6883852691218131,362.0
accuracy,0.6961325966850829,0.6961325966850829,0.6961325966850829,0.6961325966850829
macro avg,0.6966187270501836,0.6961325966850829,0.6959446561242488,724.0
weighted avg,0.6966187270501836,0.6961325966850829,0.6959446561242488,724.0
