,precision,recall,f1-score,support
0,0.6666666666666666,0.712707182320442,0.6889185580774365,362.0
1,0.6913946587537092,0.643646408839779,0.6666666666666666,362.0
accuracy,0.6781767955801105,0.6781767955801105,0.6781767955801105,0.6781767955801105
macro avg,0.6790306627101879,0.6781767955801105,0.6777926123720516,724.0
weighted avg,0.6790306627101879,0.6781767955801105,0.6777926123720516,724.0
