,precision,recall,f1-score,support
0.0,0.6927536231884058,0.6602209944751382,0.6760961810466761,362.0
1.0,0.6754617414248021,0.7071823204419889,0.6909581646423751,362.0
accuracy,0.6837016574585635,0.6837016574585635,0.6837016574585635,0.6837016574585635
macro avg,0.6841076823066039,0.6837016574585635,0.6835271728445256,724.0
weighted avg,0.6841076823066039,0.6837016574585635,0.6835271728445257,724.0
