,precision,recall,f1-score,support
0.0,0.6996904024767802,0.6243093922651933,0.6598540145985401,362.0
1.0,0.6608478802992519,0.7320441988950276,0.6946264744429882,362.0
accuracy,0.6781767955801105,0.6781767955801105,0.6781767955801105,0.6781767955801105
macro avg,0.680269141388016,0.6781767955801105,0.6772402445207641,724.0
weighted avg,0.6802691413880161,0.6781767955801105,0.6772402445207641,724.0
