,precision,recall,f1-score,support
0.0,0.6257928118393234,0.8176795580110497,0.7089820359281437,362.0
1.0,0.7370517928286853,0.511049723756906,0.6035889070146818,362.0
accuracy,0.664364640883978,0.664364640883978,0.664364640883978,0.664364640883978
macro avg,0.6814223023340044,0.6643646408839778,0.6562854714714128,724.0
weighted avg,0.6814223023340044,0.664364640883978,0.6562854714714127,724.0
