,precision,recall,f1-score,support
0.0,0.6477832512315271,0.7265193370165746,0.6848958333333334,362.0
1.0,0.6886792452830188,0.6049723756906077,0.6441176470588235,362.0
accuracy,0.6657458563535912,0.6657458563535912,0.6657458563535912,0.6657458563535912
macro avg,0.668231248257273,0.6657458563535912,0.6645067401960785,724.0
weighted avg,0.668231248257273,0.6657458563535912,0.6645067401960785,724.0
