,precision,recall,f1-score,support
0.0,0.8421052631578947,0.17679558011049723,0.2922374429223744,362.0
1.0,0.5401234567901234,0.9668508287292817,0.6930693069306931,362.0
accuracy,0.5718232044198895,0.5718232044198895,0.5718232044198895,0.5718232044198895
macro avg,0.691114359974009,0.5718232044198894,0.49265337492653377,724.0
weighted avg,0.691114359974009,0.5718232044198895,0.49265337492653377,724.0
