,precision,recall,f1-score,support
0.0,0.6892523364485982,0.8149171270718232,0.7468354430379747,362.0
1.0,0.7736486486486487,0.6325966850828729,0.6960486322188449,362.0
accuracy,0.7237569060773481,0.7237569060773481,0.7237569060773481,0.7237569060773481
macro avg,0.7314504925486234,0.7237569060773481,0.7214420376284099,724.0
weighted avg,0.7314504925486234,0.7237569060773481,0.7214420376284097,724.0
