,precision,recall,f1-score,support
0,0.6956521739130435,0.6629834254143646,0.6789250353606788,362.0
1,0.6781002638522428,0.7099447513812155,0.6936572199730094,362.0
accuracy,0.68646408839779,0.68646408839779,0.68646408839779,0.68646408839779
macro avg,0.6868762188826432,0.68646408839779,0.6862911276668442,724.0
weighted avg,0.6868762188826432,0.68646408839779,0.6862911276668441,724.0
