,precision,recall,f1-score,support
0.0,0.8875,0.19613259668508287,0.3212669683257918,362.0
1.0,0.5481366459627329,0.9751381215469613,0.701789264413519,362.0
accuracy,0.585635359116022,0.585635359116022,0.585635359116022,0.585635359116022
macro avg,0.7178183229813664,0.5856353591160222,0.5115281163696555,724.0
weighted avg,0.7178183229813665,0.585635359116022,0.5115281163696553,724.0
