,precision,recall,f1-score,support
0,0.6753554502369669,0.787292817679558,0.7270408163265306,362.0
1,0.7450331125827815,0.6215469613259669,0.677710843373494,362.0
accuracy,0.7044198895027625,0.7044198895027625,0.7044198895027625,0.7044198895027625
macro avg,0.7101942814098742,0.7044198895027625,0.7023758298500122,724.0
weighted avg,0.7101942814098743,0.7044198895027625,0.7023758298500123,724.0
