,precision,recall,f1-score,support
0.0,0.6231263383297645,0.8038674033149171,0.7020506634499397,362.0
1.0,0.7237354085603113,0.5138121546961326,0.6009693053311793,362.0
accuracy,0.6588397790055248,0.6588397790055248,0.6588397790055248,0.6588397790055248
macro avg,0.6734308734450378,0.6588397790055249,0.6515099843905595,724.0
weighted avg,0.6734308734450378,0.6588397790055248,0.6515099843905595,724.0
