,precision,recall,f1-score,support
0,0.6329896907216495,0.8480662983425414,0.7249114521841794,362.0
1,0.7698744769874477,0.5082872928176796,0.6123128119800333,362.0
accuracy,0.6781767955801105,0.6781767955801105,0.6781767955801105,0.6781767955801105
macro avg,0.7014320838545486,0.6781767955801106,0.6686121320821063,724.0
weighted avg,0.7014320838545486,0.6781767955801105,0.6686121320821063,724.0
