,precision,recall,f1-score,support
0.0,0.6904761904761905,0.6408839779005525,0.6647564469914041,362.0
1.0,0.6649484536082474,0.712707182320442,0.688,362.0
accuracy,0.6767955801104972,0.6767955801104972,0.6767955801104972,0.6767955801104972
macro avg,0.677712322042219,0.6767955801104972,0.6763782234957021,724.0
weighted avg,0.6777123220422189,0.6767955801104972,0.676378223495702,724.0
