,precision,recall,f1-score,support
0,0.6699029126213593,0.7624309392265194,0.7131782945736433,362.0
1,0.7243589743589743,0.6243093922651933,0.6706231454005934,362.0
accuracy,0.6933701657458563,0.6933701657458563,0.6933701657458563,0.6933701657458563
macro avg,0.6971309434901668,0.6933701657458564,0.6919007199871183,724.0
weighted avg,0.6971309434901668,0.6933701657458563,0.6919007199871183,724.0
