,precision,recall,f1-score,support
0,0.6735218508997429,0.7237569060773481,0.6977363515312917,362.0
1,0.7014925373134329,0.649171270718232,0.6743185078909613,362.0
accuracy,0.68646408839779,0.68646408839779,0.68646408839779,0.68646408839779
macro avg,0.6875071941065879,0.68646408839779,0.6860274297111264,724.0
weighted avg,0.6875071941065879,0.68646408839779,0.6860274297111265,724.0
