,precision,recall,f1-score,support
0.0,0.6422018348623854,0.7734806629834254,0.7017543859649124,362.0
1.0,0.7152777777777778,0.569060773480663,0.6338461538461538,362.0
accuracy,0.6712707182320442,0.6712707182320442,0.6712707182320442,0.6712707182320442
macro avg,0.6787398063200816,0.6712707182320442,0.6678002699055331,724.0
weighted avg,0.6787398063200816,0.6712707182320442,0.6678002699055331,724.0
