,precision,recall,f1-score,support
0,0.672289156626506,0.7707182320441989,0.718146718146718,362.0
1,0.7313915857605178,0.6243093922651933,0.6736214605067063,362.0
accuracy,0.6975138121546961,0.6975138121546961,0.6975138121546961,0.6975138121546961
macro avg,0.701840371193512,0.6975138121546961,0.6958840893267122,724.0
weighted avg,0.701840371193512,0.6975138121546961,0.6958840893267121,724.0
