,precision,recall,f1-score,support
0.0,0.8867924528301887,0.1298342541436464,0.22650602409638554,362.0
1.0,0.5305514157973175,0.9834254143646409,0.6892545982575025,362.0
accuracy,0.5566298342541437,0.5566298342541437,0.5566298342541437,0.5566298342541437
macro avg,0.7086719343137531,0.5566298342541437,0.457880311176944,724.0
weighted avg,0.7086719343137531,0.5566298342541437,0.457880311176944,724.0
