,precision,recall,f1-score,support
0.0,0.620253164556962,0.8121546961325967,0.7033492822966508,362.0
1.0,0.728,0.5027624309392266,0.5947712418300655,362.0
accuracy,0.6574585635359116,0.6574585635359116,0.6574585635359116,0.6574585635359116
macro avg,0.674126582278481,0.6574585635359116,0.6490602620633581,724.0
weighted avg,0.674126582278481,0.6574585635359116,0.6490602620633582,724.0
