,precision,recall,f1-score,support
0,0.6901408450704225,0.6767955801104972,0.6834030683403068,362.0
1,0.6829268292682927,0.6961325966850829,0.689466484268126,362.0
accuracy,0.68646408839779,0.68646408839779,0.68646408839779,0.68646408839779
macro avg,0.6865338371693577,0.68646408839779,0.6864347763042165,724.0
weighted avg,0.6865338371693577,0.68646408839779,0.6864347763042163,724.0
