,precision,recall,f1-score,support
0,0.9135802469135802,0.20441988950276244,0.3340857787810384,362.0
1,0.552099533437014,0.9806629834254144,0.7064676616915423,362.0
accuracy,0.5925414364640884,0.5925414364640884,0.5925414364640884,0.5925414364640884
macro avg,0.732839890175297,0.5925414364640884,0.5202767202362903,724.0
weighted avg,0.732839890175297,0.5925414364640884,0.5202767202362903,724.0
