,precision,recall,f1-score,support
0.0,0.8514851485148515,0.23756906077348067,0.3714902807775378,362.0
1.0,0.5569823434991974,0.9585635359116023,0.7045685279187817,362.0
accuracy,0.5980662983425414,0.5980662983425414,0.5980662983425414,0.5980662983425414
macro avg,0.7042337460070245,0.5980662983425414,0.5380294043481597,724.0
weighted avg,0.7042337460070245,0.5980662983425414,0.5380294043481597,724.0
