,precision,recall,f1-score,support
0,0.6730310262529833,0.7790055248618785,0.7221510883482714,362.0
1,0.7377049180327869,0.6215469613259669,0.6746626686656672,362.0
accuracy,0.7002762430939227,0.7002762430939227,0.7002762430939227,0.7002762430939227
macro avg,0.7053679721428852,0.7002762430939227,0.6984068785069693,724.0
weighted avg,0.7053679721428852,0.7002762430939227,0.6984068785069693,724.0
