,precision,recall,f1-score,support
0,0.6780104712041884,0.7154696132596685,0.6962365591397849,362.0
1,0.6988304093567251,0.6602209944751382,0.6789772727272728,362.0
accuracy,0.6878453038674033,0.6878453038674033,0.6878453038674033,0.6878453038674033
macro avg,0.6884204402804568,0.6878453038674033,0.6876069159335289,724.0
weighted avg,0.6884204402804568,0.6878453038674033,0.6876069159335289,724.0
