,precision,recall,f1-score,support
0,0.6763157894736842,0.7099447513812155,0.6927223719676551,362.0
1,0.6947674418604651,0.6602209944751382,0.6770538243626062,362.0
accuracy,0.6850828729281768,0.6850828729281768,0.6850828729281768,0.6850828729281768
macro avg,0.6855416156670746,0.6850828729281768,0.6848880981651306,724.0
weighted avg,0.6855416156670746,0.6850828729281768,0.6848880981651306,724.0
