,precision,recall,f1-score,support
0.0,0.6505494505494506,0.8176795580110497,0.7246022031823746,362.0
1.0,0.7546468401486989,0.5607734806629834,0.6434231378763867,362.0
accuracy,0.6892265193370166,0.6892265193370166,0.6892265193370166,0.6892265193370166
macro avg,0.7025981453490747,0.6892265193370166,0.6840126705293806,724.0
weighted avg,0.7025981453490747,0.6892265193370166,0.6840126705293808,724.0
