,precision,recall,f1-score,support
0,0.6840659340659341,0.6878453038674033,0.6859504132231405,362.0
1,0.6861111111111111,0.6823204419889503,0.6842105263157894,362.0
accuracy,0.6850828729281768,0.6850828729281768,0.6850828729281768,0.6850828729281768
macro avg,0.6850885225885226,0.6850828729281768,0.685080469769465,724.0
weighted avg,0.6850885225885227,0.6850828729281768,0.685080469769465,724.0
