,precision,recall,f1-score,support
0,0.6733167082294265,0.7458563535911602,0.7077326343381389,362.0
1,0.7151702786377709,0.638121546961326,0.6744525547445256,362.0
accuracy,0.6919889502762431,0.6919889502762431,0.6919889502762431,0.6919889502762431
macro avg,0.6942434934335987,0.6919889502762431,0.6910925945413322,724.0
weighted avg,0.6942434934335987,0.6919889502762431,0.6910925945413323,724.0
