,precision,recall,f1-score,support
0.0,0.8414634146341463,0.19060773480662985,0.3108108108108108,362.0
1.0,0.543613707165109,0.9640883977900553,0.6952191235059761,362.0
accuracy,0.5773480662983426,0.5773480662983426,0.5773480662983426,0.5773480662983426
macro avg,0.6925385608996277,0.5773480662983426,0.5030149671583934,724.0
weighted avg,0.6925385608996277,0.5773480662983426,0.5030149671583934,724.0
