,precision,recall,f1-score,support
0,0.6862745098039216,0.6767955801104972,0.6815020862308763,362.0
1,0.6811989100817438,0.6906077348066298,0.6858710562414266,362.0
accuracy,0.6837016574585635,0.6837016574585635,0.6837016574585635,0.6837016574585635
macro avg,0.6837367099428326,0.6837016574585635,0.6836865712361515,724.0
weighted avg,0.6837367099428328,0.6837016574585635,0.6836865712361514,724.0
