,precision,recall,f1-score,support
0,0.6725888324873096,0.7320441988950276,0.701058201058201,362.0
1,0.706060606060606,0.643646408839779,0.6734104046242775,362.0
accuracy,0.6878453038674033,0.6878453038674033,0.6878453038674033,0.6878453038674033
macro avg,0.6893247192739578,0.6878453038674033,0.6872343028412393,724.0
weighted avg,0.6893247192739579,0.6878453038674033,0.6872343028412392,724.0
