,precision,recall,f1-score,support
0.0,0.6458333333333334,0.7707182320441989,0.7027707808564232,362.0
1.0,0.7157534246575342,0.5773480662983426,0.6391437308868501,362.0
accuracy,0.6740331491712708,0.6740331491712708,0.6740331491712708,0.6740331491712708
macro avg,0.6807933789954338,0.6740331491712708,0.6709572558716366,724.0
weighted avg,0.6807933789954338,0.6740331491712708,0.6709572558716366,724.0
