,precision,recall,f1-score,support
0,0.8227848101265823,0.17955801104972377,0.29478458049886624,362.0
1,0.5395348837209303,0.9613259668508287,0.6911618669314795,362.0
accuracy,0.5704419889502762,0.5704419889502762,0.5704419889502762,0.5704419889502762
macro avg,0.6811598469237563,0.5704419889502762,0.4929732237151729,724.0
weighted avg,0.6811598469237563,0.5704419889502762,0.4929732237151729,724.0
