,precision,recall,f1-score,support
0.0,0.6666666666666666,0.7790055248618785,0.7184713375796179,362.0
1.0,0.7342192691029901,0.6104972375690608,0.6666666666666666,362.0
accuracy,0.6947513812154696,0.6947513812154696,0.6947513812154696,0.6947513812154696
macro avg,0.7004429678848283,0.6947513812154696,0.6925690021231423,724.0
weighted avg,0.7004429678848283,0.6947513812154696,0.6925690021231422,724.0
