,precision,recall,f1-score,support
0,0.6810810810810811,0.6961325966850829,0.6885245901639345,362.0
1,0.6892655367231638,0.6740331491712708,0.6815642458100559,362.0
accuracy,0.6850828729281768,0.6850828729281768,0.6850828729281768,0.6850828729281768
macro avg,0.6851733089021225,0.6850828729281768,0.6850444179869952,724.0
weighted avg,0.6851733089021225,0.6850828729281768,0.6850444179869952,724.0
