,precision,recall,f1-score,support
0.0,0.881578947368421,0.1850828729281768,0.3059360730593607,362.0
1.0,0.5447530864197531,0.9751381215469613,0.699009900990099,362.0
accuracy,0.580110497237569,0.580110497237569,0.580110497237569,0.580110497237569
macro avg,0.713166016894087,0.580110497237569,0.5024729870247299,724.0
weighted avg,0.713166016894087,0.580110497237569,0.5024729870247299,724.0
