,precision,recall,f1-score,support
0,0.8235294117647058,0.19337016574585636,0.3131991051454139,362.0
1,0.543035993740219,0.9585635359116023,0.6933066933066934,362.0
accuracy,0.5759668508287292,0.5759668508287292,0.5759668508287292,0.5759668508287292
macro avg,0.6832827027524624,0.5759668508287293,0.5032528992260537,724.0
weighted avg,0.6832827027524624,0.5759668508287292,0.5032528992260537,724.0
